{"cameraMode":{"drawMode":0,"name":"Shaded","section":"Shading Mode"},"sceneLighting":true,"audioPlay":false,"sceneViewState":{"showFog":true,"showMaterialUpdate":false,"showSkybox":true,"showFlares":true,"showImageEffects":true,"showParticleSystems":true},"in2DMode":false,"pivot":{"x":-2.427980422973633,"y":1.4749510288238526,"z":10.132322311401368},"rotation":{"x":-0.1251654177904129,"y":0.5427518486976624,"z":-0.08220085501670838,"w":-0.8264364004135132},"size":10.0,"orthographic":false}