{"cameraMode":{"drawMode":0,"name":"Shaded","section":"Shading Mode"},"sceneLighting":true,"audioPlay":false,"sceneViewState":{"showFog":true,"showMaterialUpdate":false,"showSkybox":false,"showFlares":true,"showImageEffects":true,"showParticleSystems":true},"in2DMode":false,"pivot":{"x":824.9990234375,"y":0.9812467098236084,"z":-3562.734375},"rotation":{"x":-0.04338071867823601,"y":-0.06978733092546463,"z":0.003033304587006569,"w":-0.9966269731521606},"size":0.9865911602973938,"orthographic":true}