{"cameraMode":{"drawMode":0,"name":"Shaded","section":"Shading Mode"},"sceneLighting":false,"audioPlay":false,"sceneViewState":{"showFog":true,"showMaterialUpdate":false,"showSkybox":false,"showFlares":true,"showImageEffects":true,"showParticleSystems":true},"in2DMode":false,"pivot":{"x":-0.33844995498657229,"y":0.8435904383659363,"z":-0.07973042130470276},"rotation":{"x":-0.11299476027488709,"y":0.6916689276695252,"z":-0.11091207712888718,"w":-0.7046657800674439},"size":3.5595221519470217,"orthographic":true}