{"cameraMode":{"drawMode":0,"name":"Shaded","section":"Shading Mode"},"sceneLighting":true,"audioPlay":false,"sceneViewState":{"showFog":true,"showMaterialUpdate":false,"showSkybox":true,"showFlares":true,"showImageEffects":true,"showParticleSystems":true},"in2DMode":false,"pivot":{"x":-6.6983513832092289,"y":0.4235927164554596,"z":19.210205078125},"rotation":{"x":0.13092204928398133,"y":-0.6295459270477295,"z":0.10871187597513199,"w":0.7581340670585632},"size":31.728538513183595,"orthographic":true}